<?xml version="1.0" encoding="UTF-8"?>
<Library>
<name>AnimalLibrary</name>
	<type>
		<name>CommentAtt</name>
		<modifiers>public </modifiers>
		<basetype>Attribute</basetype>
		<member>
			<name>get_Comment</name>
	<membertype>Method</membertype>
		</member>
		<member>
			<name>set_Comment</name>
	<membertype>Method</membertype>
		</member>
		<member>
			<name>.ctor</name>
	<membertype>Constructor</membertype>
		</member>
		<member>
			<name>Comment</name>
	<membertype>Property</membertype>
			<propertytype>String</propertytype>
		</member>
	<comments>
	</comments>
	</type>
	<type>
		<name>AnimalClassification</name>
		<modifiers>public </modifiers>
		<basetype>Enum</basetype>
		<member>
			<name>value__</name>
	<membertype>Field</membertype>
			<fieldtype>Int32</fieldtype>
		</member>
		<member>
			<name>Herbivores</name>
	<membertype>Field</membertype>
			<fieldtype>AnimalClassification</fieldtype>
		</member>
		<member>
			<name>Carnivores</name>
	<membertype>Field</membertype>
			<fieldtype>AnimalClassification</fieldtype>
		</member>
		<member>
			<name>Omnivores</name>
	<membertype>Field</membertype>
			<fieldtype>AnimalClassification</fieldtype>
		</member>
	<comments>
	</comments>
	</type>
	<type>
		<name>FavouriteFood</name>
		<modifiers>public </modifiers>
		<basetype>Enum</basetype>
		<member>
			<name>value__</name>
	<membertype>Field</membertype>
			<fieldtype>Int32</fieldtype>
		</member>
		<member>
			<name>Meat</name>
	<membertype>Field</membertype>
			<fieldtype>FavouriteFood</fieldtype>
		</member>
		<member>
			<name>Plants</name>
	<membertype>Field</membertype>
			<fieldtype>FavouriteFood</fieldtype>
		</member>
		<member>
			<name>Everything</name>
	<membertype>Field</membertype>
			<fieldtype>FavouriteFood</fieldtype>
		</member>
	<comments>
	</comments>
	</type>
	<type>
		<name>Animal</name>
		<modifiers>public abstract</modifiers>
		<basetype>Object</basetype>
		<member>
			<name>get_Name</name>
	<membertype>Method</membertype>
		</member>
		<member>
			<name>set_Name</name>
	<membertype>Method</membertype>
		</member>
		<member>
			<name>get_Country</name>
	<membertype>Method</membertype>
		</member>
		<member>
			<name>set_Country</name>
	<membertype>Method</membertype>
		</member>
		<member>
			<name>get_Description</name>
	<membertype>Method</membertype>
		</member>
		<member>
			<name>set_Description</name>
	<membertype>Method</membertype>
		</member>
		<member>
			<name>get_HideFromOtherAnimals</name>
	<membertype>Method</membertype>
		</member>
		<member>
			<name>set_HideFromOtherAnimals</name>
	<membertype>Method</membertype>
		</member>
		<member>
			<name>SayHello</name>
	<membertype>Method</membertype>
		</member>
		<member>
			<name>GetFavouriteFood</name>
	<membertype>Method</membertype>
		</member>
		<member>
			<name>Deconstruct</name>
	<membertype>Method</membertype>
		</member>
		<member>
			<name>Deconstruct</name>
	<membertype>Method</membertype>
		</member>
		<member>
			<name>Deconstruct</name>
	<membertype>Method</membertype>
		</member>
		<member>
			<name>Deconstruct</name>
	<membertype>Method</membertype>
		</member>
		<member>
			<name>.ctor</name>
	<membertype>Constructor</membertype>
		</member>
		<member>
			<name>Name</name>
	<membertype>Property</membertype>
			<propertytype>String</propertytype>
		</member>
		<member>
			<name>Country</name>
	<membertype>Property</membertype>
			<propertytype>String</propertytype>
		</member>
		<member>
			<name>Description</name>
	<membertype>Property</membertype>
			<propertytype>String</propertytype>
		</member>
		<member>
			<name>HideFromOtherAnimals</name>
	<membertype>Property</membertype>
			<propertytype>Boolean</propertytype>
		</member>
	<comments>
		Абстрактный класс для объектов, представляющих животных
	</comments>
	</type>
	<type>
		<name>Cow</name>
		<modifiers>public </modifiers>
		<basetype>Animal</basetype>
		<member>
			<name>GetFavouriteFood</name>
	<membertype>Method</membertype>
		</member>
		<member>
			<name>SayHello</name>
	<membertype>Method</membertype>
		</member>
		<member>
			<name>.ctor</name>
	<membertype>Constructor</membertype>
		</member>
	<comments>
		Класс описания коровы
	</comments>
	</type>
	<type>
		<name>Lion</name>
		<modifiers>public </modifiers>
		<basetype>Animal</basetype>
		<member>
			<name>GetFavouriteFood</name>
	<membertype>Method</membertype>
		</member>
		<member>
			<name>SayHello</name>
	<membertype>Method</membertype>
		</member>
		<member>
			<name>.ctor</name>
	<membertype>Constructor</membertype>
		</member>
	<comments>
		Класс описания льва
	</comments>
	</type>
	<type>
		<name>Pig</name>
		<modifiers>public </modifiers>
		<basetype>Animal</basetype>
		<member>
			<name>GetFavouriteFood</name>
	<membertype>Method</membertype>
		</member>
		<member>
			<name>SayHello</name>
	<membertype>Method</membertype>
		</member>
		<member>
			<name>.ctor</name>
	<membertype>Constructor</membertype>
		</member>
	<comments>
		Класс описания свиньи
	</comments>
	</type>
</Library>
